{"files":{"index.html":{"frameworks":["felicity","pg.bs4.lib","pg.asset.manager","pg.project.items","pg.code-validator","pg.image.overlay","pg.css.grid","pg.blocks","pg.insight.events","pg.fontawesome","bs4","pg.html","pg.components"],"last_page_width":1327},"about.html":{"frameworks":["felicity","pg.blocks","pg.bs4.lib","pg.asset.manager","pg.project.items","pg.code-validator","pg.insight.events","pg.image.overlay","pg.css.grid","pg.fontawesome","bs4","pg.html","pg.components"],"last_page_width":1379},"attachtaxi.html":{"frameworks":["felicity","pg.bs4.lib","pg.asset.manager","pg.project.items","pg.code-validator","pg.blocks","pg.insight.events","pg.image.overlay","pg.css.grid","bs4","pg.html","pg.components"],"last_page_width":1024},"corporate.html":{"frameworks":["felicity","pg.blocks","pg.bs4.lib","pg.asset.manager","pg.project.items","pg.code-validator","pg.insight.events","pg.image.overlay","pg.css.grid","bs4","pg.html","pg.components"],"last_page_width":1024},"inquirey.html":{"frameworks":["felicity","pg.blocks","pg.bs4.lib","pg.asset.manager","pg.project.items","pg.code-validator","pg.insight.events","pg.image.overlay","pg.fontawesome","pg.css.grid","bs4","pg.html","pg.components"],"last_page_width":1024},"contact.html":{"frameworks":["felicity","pg.blocks","pg.bs4.lib","pg.asset.manager","pg.project.items","pg.code-validator","pg.insight.events","pg.image.overlay","pg.css.grid","bs4","pg.html","pg.components"],"last_page_width":1367},"privacy.html":{"frameworks":["felicity","pg.blocks","pg.bs4.lib","pg.asset.manager","pg.project.items","pg.insight.events","pg.code-validator","pg.fontawesome","pg.image.overlay","pg.css.grid","bs4","pg.html","pg.components"],"last_page_width":1024},"terms.html":{"frameworks":["felicity","wordpress.pinegrow","pg.asset.manager","pg.bs4.lib","pg.blocks.wp","pg.insight.events","pg.project.items","pg.code-validator","pg.fontawesome","pg.image.overlay","pg.css.grid","bs4","pg.html","pg.components"],"last_page_width":1024},"selectcar.html":{"frameworks":["felicity","pg.bs4.lib","pg.asset.manager","pg.project.items","pg.insight.events","pg.code-validator","pg.fontawesome","pg.image.overlay","pg.css.grid","bs4","pg.html","pg.components"],"last_page_width":1295},"selectcar-oneway.html":{"frameworks":["felicity","pg.bs4.lib","pg.svg.lib","pg.asset.manager","pg.project.items","pg.insight.events","pg.code-validator","pg.fontawesome","pg.css.grid","pg.image.overlay","bs4","pg.html","pg.components"],"last_page_width":1318},"selectcar-roundtrip.html":{"frameworks":["felicity","pg.bs4.lib","pg.svg.lib","pg.asset.manager","pg.project.items","pg.code-validator","pg.insight.events","pg.image.overlay","pg.css.grid","pg.fontawesome","bs4","pg.html","pg.components"],"last_page_width":1340},"selectcar-local.html":{"frameworks":["felicity","pg.bs4.lib","pg.svg.lib","pg.asset.manager","pg.project.items","pg.insight.events","pg.code-validator","pg.fontawesome","pg.css.grid","pg.image.overlay","bs4","pg.html","pg.components"],"last_page_width":1338},"confirmbooking.html":{"frameworks":["felicity","pg.bs4.lib","pg.svg.lib","pg.asset.manager","pg.project.items","pg.code-validator","pg.insight.events","pg.image.overlay","pg.css.grid","pg.fontawesome","bs4","pg.html","pg.components"],"last_page_width":1277},"bookingdone.html":{"frameworks":["felicity","pg.bs4.lib","pg.svg.lib","pg.insight.events","pg.fontawesome","pg.css.grid","pg.image.overlay","pg.code-validator","pg.project.items","pg.asset.manager","bs4","pg.html","pg.components"],"last_page_width":1125}},"breakpoints":["576px","768px","992px","1200px","1500px"],"frameworks":["felicity","pg.blocks","pg.bs4.lib","pg.asset.manager","pg.project.items","pg.code-validator","pg.insight.events","pg.image.overlay","pg.fontawesome","pg.css.grid","bs4","pg.html","pg.components"],"urls":{"blocks.css":{"locked":true,"locked_reason":"This stylesheet is a library resource and will be overwritten on update. Over-ride CSS rules in the your project's stylesheet."},"index.html":{"open-page-views":[{"w":1327,"h":800}]},"about.html":{"open-page-views":[{"w":1379,"h":0}]},"attachtaxi.html":{"open-page-views":[{"w":1024,"h":0}]},"contact.html":{"open-page-views":[{"w":1367,"h":0}]},"corporate.html":{"open-page-views":[{"w":1024,"h":0}]},"inquirey.html":{"open-page-views":[{"w":1024,"h":0}]},"privacy.html":{"open-page-views":[{"w":1024,"h":0}]},"terms.html":{"open-page-views":[{"w":1024,"h":0}]},"selectcar.html":{"open-page-views":[{"w":1295,"h":0}]},"selectcar-oneway.html":{"open-page-views":[{"w":1318,"h":0}]},"selectcar-roundtrip.html":{"open-page-views":[{"w":1340,"h":0}]},"selectcar-local.html":{"open-page-views":[{"w":1338,"h":0}]},"confirmbooking.html":{"open-page-views":[{"w":1277,"h":0}]},"bookingdone.html":{"open-page-views":[{"w":1125,"h":0}]}},"active-design-provider":"bs4","file-picker-copy-folder":"C:\\Work\\Development\\The Yellow Cabs\\Website\\Inpirations\\Tamplate\\felicity\\images"}