{"files":{"index.html":{"frameworks":["felicity","pg.blocks","pg.bs4.lib","pg.asset.manager","pg.project.items","pg.code-validator","pg.insight.events","pg.image.overlay","pg.fontawesome","pg.css.grid","bs4","pg.html","pg.components"],"last_page_width":1330},"about.html":{"frameworks":["felicity","pg.blocks","pg.bs4.lib","pg.asset.manager","pg.insight.events","pg.project.items","pg.fontawesome","pg.code-validator","pg.css.grid","pg.image.overlay","bs4","pg.html","pg.components"],"last_page_width":1024},"attachtaxi.html":{"frameworks":["felicity","pg.bs4.lib","pg.asset.manager","pg.blocks","pg.insight.events","pg.project.items","pg.code-validator","pg.image.overlay","pg.css.grid","bs4","pg.html","pg.components"],"last_page_width":1024},"corporate.html":{"frameworks":["felicity","pg.blocks","pg.bs4.lib","pg.insight.events","pg.css.grid","pg.image.overlay","pg.code-validator","pg.project.items","pg.asset.manager","bs4","pg.html","pg.components"],"last_page_width":1326},"inquirey.html":{"frameworks":["felicity","pg.blocks","pg.bs4.lib","pg.insight.events","pg.fontawesome","pg.css.grid","pg.image.overlay","pg.code-validator","pg.project.items","pg.asset.manager","bs4","pg.html","pg.components"],"last_page_width":1303},"contact.html":{"frameworks":["felicity","pg.blocks","pg.bs4.lib","pg.asset.manager","pg.project.items","pg.insight.events","pg.code-validator","pg.image.overlay","pg.css.grid","bs4","pg.html","pg.components"],"last_page_width":1343},"privacy.html":{"frameworks":["felicity","pg.blocks","pg.bs4.lib","pg.asset.manager","pg.insight.events","pg.project.items","pg.fontawesome","pg.code-validator","pg.css.grid","pg.image.overlay","bs4","pg.html","pg.components"],"last_page_width":1319},"terms.html":{"frameworks":["felicity","wordpress.pinegrow","pg.blocks.wp","pg.bs4.lib","pg.insight.events","pg.fontawesome","pg.css.grid","pg.image.overlay","pg.code-validator","pg.project.items","pg.asset.manager","bs4","pg.html","pg.components"],"last_page_width":1326}},"breakpoints":["576px","768px","992px","1200px","1500px"],"frameworks":["felicity","pg.bs4.lib","pg.asset.manager","pg.blocks","pg.insight.events","pg.project.items","pg.code-validator","pg.image.overlay","pg.css.grid","bs4","pg.html","pg.components"],"urls":{"blocks.css":{"locked":true,"locked_reason":"This stylesheet is a library resource and will be overwritten on update. Over-ride CSS rules in the your project's stylesheet."}}}